{"cameraMode":{"drawMode":0,"name":"Shaded","section":"Shading Mode"},"sceneLighting":true,"audioPlay":false,"sceneViewState":{"m_AlwaysRefresh":false,"showFog":true,"showSkybox":true,"showFlares":true,"showImageEffects":true,"showParticleSystems":true,"showVisualEffectGraphs":true,"m_FxEnabled":true},"in2DMode":false,"pivot":{"x":48.603843688964847,"y":5.858854293823242,"z":-65.46247100830078},"rotation":{"x":0.003919586539268494,"y":-0.9457634687423706,"z":-0.012599152512848378,"w":-0.32482999563217165},"size":47.199974060058597,"orthographic":false}